Requirement,RequirementID,Statement,Rationale,RelatedObject,RelatedID,RelatedKind
Cargo Pallet Fit,5bc632c1-af32-4682-945d-607c3dfe6912,The system components shall fit on a single 463L cargo air pallet.,Standardizes military air transport.,PEAK,ddc7faf6-4ef7-4adb-9c7b-8a55f0958947,Component
Filtration System Inclusion,1b408a6b-ea13-4c87-888a-d1f276c265e4,The water system shall include a filtration system.,Ensures the removal of contaminants.,,,
Water Distribution Capability,e034047e-3d6c-4cd3-bfa4-a5e89e7613bf,The system shall include water distribution capability.,To facilitate potable water supply.,,,
Include Storage Container,7546d353-e92f-4f5e-9fd2-0d4aef285e80,The water system shall include a storage container.,To store the purified water.,,,
Kit Power Source,69bd77f0-61f8-4e76-8ee5-97357959b4cb,The water equipment shall be powered through the kit power generation system.,To ensure energy efficiency.,,,
Leverage Existing Water Tech,9f01a3b9-4945-4cf9-9d29-4717ab2876d2,The water system shall leverage existing technology.,To reduce development time and cost.,,,
Renewable Power Source,b3aa5623-5095-4f76-a306-faf82a0e9cf3,The power sub-system shall primarily run on renewable sources.,To promote sustainability and autonomy.,,,
Fossil Fuel Backup,4612aebc-795e-4315-8482-2680d4197315,The power system shall have a fossil fuel generator backup.,Ensures continuous operation.,,,
Support Kit Components,db208455-2f1c-4bea-8277-7d0dfeb05740,The power system shall have sufficient capacity to support all kit components.,Enables integrated operation.,,,
Use Existing Power Tech,eb323dd1-0d54-4e13-8951-5ff2281c427b,The power system shall leverage existing technology.,To minimize resource use.,,,
Situational Awareness Features,2760202e-ef64-41f4-a9f9-e4a1f63f6bb7,The system shall include local situational awareness capabilities.,To provide essential data to responders.,,,
Integrate Aerial Device,f80f9d03-f3a2-4690-974f-e0bf28470bc6,The system shall include an unmanned aerial system.,To monitor environments and infrastructure.,,,
Communications Levels,dd640a56-2832-448a-87d2-e8dde2639126,"The communications sub-system shall operate on various levels (local, national, regional, international).",Ensures broad communication capacity.,,,
Low-Bandwidth Communications,54646119-85af-4a04-8d40-ad28eed7b3e0,The communication device shall transmit data over a low-bandwidth network.,To optimize communication in variable conditions.,,,
Transmit Situation Reports,0133d8c8-c011-473a-b1d9-810e9a9469d7,The system shall enable transmitting situation reports.,To keep authorities and aid personnel informed.,,,
Integrate Communications,bfbe63f7-9593-4f45-903b-597bbaf5c9f7,The communications system shall integrate with the situational awareness component.,For streamlined operations.,,,
Power Communications,5efb1749-742c-407a-896c-527d487df1c9,The communications system shall be powered through the kit.,For consistent operation and autonomy.,,,
Leverage Existing Communication Tech,9f8e7489-7510-4a8d-a0f9-9b0294c17efc,The communications sub-system shall leverage existing technology.,To maintain efficiency and practicality.,,,
Weather Data Integration,1b600244-f724-494a-9c60-309d2c47b6e7,Situational awareness components shall integrate local weather data streams.,Provides environmental context for operations.,,,
Public-Private Data Sharing,aa3a5b1f-eeea-4e7f-ac45-42b5bb4da098,The system shall enable data sharing between public and private sector entities.,Enhances cooperation and resource use.,,,
Humanitarian Logistics,31b239ff-f9b0-4e83-99cc-033d998984e1,The system shall support humanitarian logistics activities.,Facilitates resource delivery and setup.,,,
Adapted Tech for Diverse Terrains,477a3dad-47a6-4ecc-8bb7-92223b8a882f,The system shall adapt its technology for various terrains.,To ensure wide applicability.,,,
High Throughput Data Capacity,54b5978c-10f3-410f-b32e-d1e599a7b0c6,The communication system shall support high-throughput data transfer.,Enables detailed image and video sharing.,,,
Self-Diagnosis and Alerts,ce579235-615c-4713-88ff-d673bb10ec88,The system shall include self-diagnosis capabilities with alert systems.,Promotes proactive maintenance.,,,
Power Management Interface,bd9a26d5-4158-42d5-9a21-38233e181f62,The power system shall include a management interface for monitoring usage.,For efficient resource allocation.,,,
Local Partner Training,fdcb1d3b-6c0b-4428-acbd-d924b522a793,The system shall provide training to local partners on operational use.,Enhances capacity building and sustainability.,,,
Wide Range Power Input,c9f1f3cf-185b-4016-a2dd-b2b71050b8ed,The power system shall support a wide range of input voltages.,To use in diverse regions.,,,
Synchronized Updates,7edf483a-089c-4f46-9470-8635a23bac0b,The system shall support synchronized updates for all components.,To ensure consistent operation.,,,
Mesh Network Capability,edb0c21f-3131-4f6b-8e2a-096a7e2881d6,The communications system shall support mesh network capabilities for extended range.,Enables adaptable connectivity.,,,
Public Information Broadcast,124bbd4d-2926-4cc3-aad4-efe12005063f,The system&amp;#x27;s communications capability shall include a public information broadcast channel.,Raises public awareness in crisis scenarios.,,,
Network Adaptive Protocols,71bb9d1c-4b68-4f2c-9873-7e5ce068dd58,The communication system protocols shall adapt to varying network conditions.,Ensures consistent performance.,,,
Interactive User Guide,0c5a32e9-2763-4f8f-a56c-7f1d2526a29d,An interactive user guide shall be available through the system.,Facilitates quick user adaptation.,,,
Scalable Supply Network,b03c6c20-3dc4-416d-8a83-04b31351b16e,The system setup shall support a scalable supply network for kit components.,Ensures responsiveness to demand fluctuations.,,,
Use COTS Technology,f048abf8-026b-427e-bab8-a5b807f53220,The system shall utilize commercial-off-the-shelf technology.,Requires limited development and accessible technology.,PEAK,ddc7faf6-4ef7-4adb-9c7b-8a55f0958947,Component
Easy Operation,727cda0b-9fc7-409a-bbf1-0cabae756b92,The system shall be easy to operate.,To allow various personnel to manage the system.,PEAK,ddc7faf6-4ef7-4adb-9c7b-8a55f0958947,Component
Low Maintenance,c073a16c-7a7c-4417-84a7-3bc86afc54f5,The system shall require low maintenance.,To reduce operational sustainment costs.,PEAK,ddc7faf6-4ef7-4adb-9c7b-8a55f0958947,Component
Export Capability,fd3da4fa-0815-4b65-bbc0-f5ddab20c8c4,The system shall be exportable to foreign nations.,For deployment in various geographic regions.,PEAK,ddc7faf6-4ef7-4adb-9c7b-8a55f0958947,Component
Non-Proprietary Technology,03b356b5-7b86-419a-bf4c-00e5e323e7da,The system shall use non-proprietary technology.,To ensure flexibility and interoperability.,PEAK,ddc7faf6-4ef7-4adb-9c7b-8a55f0958947,Component
Lightweight Design,e5d434b3-c43a-4f79-8148-d2c085f9d265,The system shall be lightweight and man-portable.,For easy transport and deployment by personnel.,Provide Situational Awareness,c19d4576-93a1-45ad-8f03-de36a56f0ea3,FunctionalChain
Durability,a55d41b8-0218-4629-992c-aad4706f14d4,The system shall be durable and weather resistant.,To withstand diverse environmental conditions.,PEAK,ddc7faf6-4ef7-4adb-9c7b-8a55f0958947,Component
Limited HAZMAT Needs,7ee5b285-3ad8-407b-a1af-540cb9045cda,The system shall have limited HAZMAT requirements.,To reduce risks associated with hazardous materials.,PEAK,ddc7faf6-4ef7-4adb-9c7b-8a55f0958947,Component
Transportable System,61e43109-2c0b-4b5d-a820-1ab76f1f4e2b,"The system shall be transportable by air, sea, and land modes.",To ensure flexible logistics.,PEAK,ddc7faf6-4ef7-4adb-9c7b-8a55f0958947,Component
Resilience Against Natural Disasters,7f60976c-7ba9-4f67-ba42-29dab5c40f61,The system shall be resilient against natural disaster conditions.,Ensures reliable functionality under stress.,,,
Rapid Deployment,9d517a84-4466-423c-9761-335acdbab0e4,The system shall be capable of rapid deployment.,To ensure timely delivery of services.,,,
Modular Components,8fd556c3-7272-4286-9dc7-468cefd64a69,The system shall include modular components for easy replacement or upgrade.,To maintain and extend service life of the system.,,,
Secure Communications,2d525c10-bc76-4d13-b906-9e8cf8acc76e,The system shall provide secure voice and data communications.,To ensure confidentiality and integrity of information.,,,
Localized Training Programs,dc412dd7-1365-4a47-a063-9f325e3fd13e,The system shall include programs for localized training.,Ensures applicable skills in diverse deployment regions.,,,
Autonomous Operation Capability,34712745-fd0b-43ac-b6a2-152e8232355a,The system shall have capabilities for semi-autonomous operation.,Reduces operator demand in high-stress situations.,,,
Scalable Design,a9e3d169-6a02-4131-b8ba-635570386f0c,The system shall have a scalable design to fit varied operational needs.,Allows flexible response sizing.,,,
Interoperability Standard Compliance,ec76c685-d6b2-4b68-a6f5-488266ed57bd,The system shall comply with relevant interoperability standards.,To ensure broad compatibility.,,,
Data Logging,5ee1bcb0-10e1-4cf3-9be1-48124de00939,The system shall log operational data for post-operation analysis.,Enhances review and optimization capacity.,,,
Low Environmental Impact,95f9c7c5-2dd7-47ca-bc61-18277ff400db,The system shall have a low environmental impact.,To promote sustainability.,,,
Critical Event Focus,3605c76c-2d0c-43c1-b094-9c9cb16f9dd9,The system shall be focused on providing aid during critical events.,Addresses specific operational needs during crises.,,,
Supply Chain Resilience,1a84ca74-3828-42c0-b9d9-f6f9af4613a2,The system shall have a resilient supply chain for critical components.,Ensures availability and minimizes delays.,,,
Remote Control Capability,6fb2830b-8262-4e62-88a1-7842152a5a58,The system shall include remote control capabilities for critical functions.,Supports operations in hazardous environments.,,,
Time-Sensitive Information Delivery,6d5551b9-e1df-4e60-aa1d-0785b2874914,The system shall deliver time-sensitive information quickly.,Provides timely data to responders and decision makers.,,,
Coordinate with Public Entities,6e97c580-95a1-445c-8634-be2d75f7da65,The system shall facilitate coordination with public entities.,For an integrated public-private response.,,,
System Security,a4e63e67-484a-46cb-ba84-1433bfa56f35,The system shall include security measures to prevent unauthorized access.,To protect system integrity.,,,
Portable Power Sources,ca02d49e-c407-4fdc-a1a0-89edf6b7bc33,The system shall include portable power sources to support off-grid operations.,Ensures continuous operation in remote locations.,,,
Redundancy for Critical Functions,f8761ff2-2b56-4f56-b8d1-36f356f9a690,&lt;p&gt;The system shall include redundancy for all critical functions.,Ensures system reliability under duress.&lt;/p&gt;,,,
Produce Potable Water,53773e29-a148-481e-aada-47987c2a1357,The water purification equipment shall produce potable water.,To meet health and hygiene needs.,,,
Advanced Water Sensors,188c4eed-b141-4bb9-9e33-a4e8a3cfa215,Water systems shall include advanced sensors for quality monitoring.,Ensures safety and compliance.,,,
Include Camera System,ed52e4cf-63c1-4d12-906b-bf2b06423ac9,The situational awareness component shall include a camera system.,To capture essential visual data.,,,
Integrate Situational Platform,d4e57853-9b16-4d61-8f0e-7740ec3de662,The situational awareness component shall have an integrated platform.,To provide a cohesive data framework.,,,
Power Through Kit,9596e2b6-002f-45e2-8244-3c6febf05979,The situational awareness system shall be powered through the kit.,Ensures system autonomy.,,,
Existing Awareness Tech,fafd2974-09a8-4d07-8189-415d57e5d32b,The situational awareness system shall leverage existing technology.,To optimize existing capabilities.,,,
GIS Integration,f232c30a-4beb-46b4-85dc-1d8e87b8fab1,Situational awareness tools shall integrate with Geographic Information Systems (GIS).,To enhance mapping and tracking capabilities.,,,
Weather Forecast Alerts,ee27c4d0-36ed-4778-98f2-d52dee9a276d,Situational awareness components shall issue alerts based on forecasted weather conditions.,Prepares users for imminent conditions.,,,
Standardized Connectors,b0795839-55fe-455d-9e48-3134c60f829c,The system shall use standardized connectors for all components.,To ensure interoperability and ease of maintenance.,,,
Language Adaptation,49b9adb6-2c83-49c3-a642-71fa48062421,The system interface shall support multiple languages.,Accommodates diverse operation zones.,,,
Cybersecurity Measures,3006aa58-ff96-45be-874b-5b9cdeb726e7,The system shall include robust cybersecurity measures.,To guard against digital threats.,,,
Public Access Points,53d9d87a-55a6-4f99-9a91-eb6e9db78c1f,The system shall provide public access points for emergency communications.,Enhances community outreach.,,,
Field Data Logging,1064aca2-0978-441a-ad09-cf50bf085ebd,The system shall log data from field operations for later analysis.,Improves strategic insights.,,,
Battery Backup,f248b297-7f90-4cd3-a269-1c23fd4b7bc9,The system shall include battery backup systems for essential functions.,Ensures operation during outages.,,,
Mission-Customizable Kits,89f3d9b0-9fad-4e65-a7e3-d20f292e7804,The system shall allow for mission-specific customization of kits.,Enhances operational flexibility.,,,
Collaboration with Local Authorities,0fed052f-488f-49ff-b5bd-fe40cdbf5e2b,The system shall support collaboration with local authorities in affected areas.,Ensures alignment with local needs.,,,
Digital Training Library,49070765-a9df-45b3-a1b6-2b42e3142841,The system shall include a digital library with training resources.,Provides continuous learning opportunities.,,,
Remote Diagnostics,d4e8f139-0c08-410b-bbaf-94d2bf9a4b90,The system shall include capabilities for remote diagnostics.,Supports efficient troubleshooting and maintenance.,,,
