RequirementID,Requirement,Statement,Rationale,SuggestedMethod,Traceability,Capabilities
477a3dad-47a6-4ecc-8bb7-92223b8a882f,Adapted Tech for Diverse Terrains,The system shall adapt its technology for various terrains.,To ensure wide applicability.,TBD,,
188c4eed-b141-4bb9-9e33-a4e8a3cfa215,Advanced Water Sensors,Water systems shall include advanced sensors for quality monitoring.,Ensures safety and compliance.,TBD,,
34712745-fd0b-43ac-b6a2-152e8232355a,Autonomous Operation Capability,The system shall have capabilities for semi-autonomous operation.,Reduces operator demand in high-stress situations.,TBD,,
f248b297-7f90-4cd3-a269-1c23fd4b7bc9,Battery Backup,The system shall include battery backup systems for essential functions.,Ensures operation during outages.,TBD,,
5bc632c1-af32-4682-945d-607c3dfe6912,Cargo Pallet Fit,The system components shall fit on a single 463L cargo air pallet.,Standardizes military air transport.,Inspection / Test,Component: PEAK,Build Kits; Collect aerial imagery; Communications Management; Crisis Response Coordination; Emergency Response Service Delivery; Enable local communications; Generate renewable energy; Monitor environment; Power Supply Management; Provide Backup Power; Situational Awareness; Support national/regional communcation; Water Management
0fed052f-488f-49ff-b5bd-fe40cdbf5e2b,Collaboration with Local Authorities,The system shall support collaboration with local authorities in affected areas.,Ensures alignment with local needs.,TBD,,
dd640a56-2832-448a-87d2-e8dde2639126,Communications Levels,"The communications sub-system shall operate on various levels (local, national, regional, international).",Ensures broad communication capacity.,TBD,,
6e97c580-95a1-445c-8634-be2d75f7da65,Coordinate with Public Entities,The system shall facilitate coordination with public entities.,For an integrated public-private response.,TBD,,
3605c76c-2d0c-43c1-b094-9c9cb16f9dd9,Critical Event Focus,The system shall be focused on providing aid during critical events.,Addresses specific operational needs during crises.,TBD,,
3006aa58-ff96-45be-874b-5b9cdeb726e7,Cybersecurity Measures,The system shall include robust cybersecurity measures.,To guard against digital threats.,TBD,,
5ee1bcb0-10e1-4cf3-9be1-48124de00939,Data Logging,The system shall log operational data for post-operation analysis.,Enhances review and optimization capacity.,TBD,,
49070765-a9df-45b3-a1b6-2b42e3142841,Digital Training Library,The system shall include a digital library with training resources.,Provides continuous learning opportunities.,TBD,,
a55d41b8-0218-4629-992c-aad4706f14d4,Durability,The system shall be durable and weather resistant.,To withstand diverse environmental conditions.,Inspection / Test,Component: PEAK,Build Kits; Collect aerial imagery; Communications Management; Crisis Response Coordination; Emergency Response Service Delivery; Enable local communications; Generate renewable energy; Monitor environment; Power Supply Management; Provide Backup Power; Situational Awareness; Support national/regional communcation; Water Management
727cda0b-9fc7-409a-bbf1-0cabae756b92,Easy Operation,The system shall be easy to operate.,To allow various personnel to manage the system.,Inspection / Test,Component: PEAK,Build Kits; Collect aerial imagery; Communications Management; Crisis Response Coordination; Emergency Response Service Delivery; Enable local communications; Generate renewable energy; Monitor environment; Power Supply Management; Provide Backup Power; Situational Awareness; Support national/regional communcation; Water Management
fafd2974-09a8-4d07-8189-415d57e5d32b,Existing Awareness Tech,The situational awareness system shall leverage existing technology.,To optimize existing capabilities.,TBD,,
fd3da4fa-0815-4b65-bbc0-f5ddab20c8c4,Export Capability,The system shall be exportable to foreign nations.,For deployment in various geographic regions.,Inspection / Test,Component: PEAK,Build Kits; Collect aerial imagery; Communications Management; Crisis Response Coordination; Emergency Response Service Delivery; Enable local communications; Generate renewable energy; Monitor environment; Power Supply Management; Provide Backup Power; Situational Awareness; Support national/regional communcation; Water Management
1064aca2-0978-441a-ad09-cf50bf085ebd,Field Data Logging,The system shall log data from field operations for later analysis.,Improves strategic insights.,TBD,,
1b408a6b-ea13-4c87-888a-d1f276c265e4,Filtration System Inclusion,The water system shall include a filtration system.,Ensures the removal of contaminants.,TBD,,
4612aebc-795e-4315-8482-2680d4197315,Fossil Fuel Backup,The power system shall have a fossil fuel generator backup.,Ensures continuous operation.,TBD,,
f232c30a-4beb-46b4-85dc-1d8e87b8fab1,GIS Integration,Situational awareness tools shall integrate with Geographic Information Systems (GIS).,To enhance mapping and tracking capabilities.,TBD,,
54b5978c-10f3-410f-b32e-d1e599a7b0c6,High Throughput Data Capacity,The communication system shall support high-throughput data transfer.,Enables detailed image and video sharing.,TBD,,
31b239ff-f9b0-4e83-99cc-033d998984e1,Humanitarian Logistics,The system shall support humanitarian logistics activities.,Facilitates resource delivery and setup.,TBD,,
ed52e4cf-63c1-4d12-906b-bf2b06423ac9,Include Camera System,The situational awareness component shall include a camera system.,To capture essential visual data.,TBD,,
7546d353-e92f-4f5e-9fd2-0d4aef285e80,Include Storage Container,The water system shall include a storage container.,To store the purified water.,TBD,,
f80f9d03-f3a2-4690-974f-e0bf28470bc6,Integrate Aerial Device,The system shall include an unmanned aerial system.,To monitor environments and infrastructure.,TBD,,
bfbe63f7-9593-4f45-903b-597bbaf5c9f7,Integrate Communications,The communications system shall integrate with the situational awareness component.,For streamlined operations.,TBD,,
d4e57853-9b16-4d61-8f0e-7740ec3de662,Integrate Situational Platform,The situational awareness component shall have an integrated platform.,To provide a cohesive data framework.,TBD,,
0c5a32e9-2763-4f8f-a56c-7f1d2526a29d,Interactive User Guide,An interactive user guide shall be available through the system.,Facilitates quick user adaptation.,TBD,,
ec76c685-d6b2-4b68-a6f5-488266ed57bd,Interoperability Standard Compliance,The system shall comply with relevant interoperability standards.,To ensure broad compatibility.,TBD,,
69bd77f0-61f8-4e76-8ee5-97357959b4cb,Kit Power Source,The water equipment shall be powered through the kit power generation system.,To ensure energy efficiency.,TBD,,
49b9adb6-2c83-49c3-a642-71fa48062421,Language Adaptation,The system interface shall support multiple languages.,Accommodates diverse operation zones.,TBD,,
9f8e7489-7510-4a8d-a0f9-9b0294c17efc,Leverage Existing Communication Tech,The communications sub-system shall leverage existing technology.,To maintain efficiency and practicality.,TBD,,
9f01a3b9-4945-4cf9-9d29-4717ab2876d2,Leverage Existing Water Tech,The water system shall leverage existing technology.,To reduce development time and cost.,TBD,,
e5d434b3-c43a-4f79-8148-d2c085f9d265,Lightweight Design,The system shall be lightweight and man-portable.,For easy transport and deployment by personnel.,Test / Analysis,Function: Provide Situational Awareness; FunctionalChain: Provide Situational Awareness,Situational Awareness
7ee5b285-3ad8-407b-a1af-540cb9045cda,Limited HAZMAT Needs,The system shall have limited HAZMAT requirements.,To reduce risks associated with hazardous materials.,Inspection / Test,Component: PEAK,Build Kits; Collect aerial imagery; Communications Management; Crisis Response Coordination; Emergency Response Service Delivery; Enable local communications; Generate renewable energy; Monitor environment; Power Supply Management; Provide Backup Power; Situational Awareness; Support national/regional communcation; Water Management
fdcb1d3b-6c0b-4428-acbd-d924b522a793,Local Partner Training,The system shall provide training to local partners on operational use.,Enhances capacity building and sustainability.,TBD,,
dc412dd7-1365-4a47-a063-9f325e3fd13e,Localized Training Programs,The system shall include programs for localized training.,Ensures applicable skills in diverse deployment regions.,TBD,,
95f9c7c5-2dd7-47ca-bc61-18277ff400db,Low Environmental Impact,The system shall have a low environmental impact.,To promote sustainability.,TBD,,
c073a16c-7a7c-4417-84a7-3bc86afc54f5,Low Maintenance,The system shall require low maintenance.,To reduce operational sustainment costs.,Inspection / Test,Component: PEAK,Build Kits; Collect aerial imagery; Communications Management; Crisis Response Coordination; Emergency Response Service Delivery; Enable local communications; Generate renewable energy; Monitor environment; Power Supply Management; Provide Backup Power; Situational Awareness; Support national/regional communcation; Water Management
54646119-85af-4a04-8d40-ad28eed7b3e0,Low-Bandwidth Communications,The communication device shall transmit data over a low-bandwidth network.,To optimize communication in variable conditions.,TBD,,
edb0c21f-3131-4f6b-8e2a-096a7e2881d6,Mesh Network Capability,The communications system shall support mesh network capabilities for extended range.,Enables adaptable connectivity.,TBD,,
89f3d9b0-9fad-4e65-a7e3-d20f292e7804,Mission-Customizable Kits,The system shall allow for mission-specific customization of kits.,Enhances operational flexibility.,TBD,,
8fd556c3-7272-4286-9dc7-468cefd64a69,Modular Components,The system shall include modular components for easy replacement or upgrade.,To maintain and extend service life of the system.,TBD,,
71bb9d1c-4b68-4f2c-9873-7e5ce068dd58,Network Adaptive Protocols,The communication system protocols shall adapt to varying network conditions.,Ensures consistent performance.,TBD,,
03b356b5-7b86-419a-bf4c-00e5e323e7da,Non-Proprietary Technology,The system shall use non-proprietary technology.,To ensure flexibility and interoperability.,Inspection / Test,Component: PEAK,Build Kits; Collect aerial imagery; Communications Management; Crisis Response Coordination; Emergency Response Service Delivery; Enable local communications; Generate renewable energy; Monitor environment; Power Supply Management; Provide Backup Power; Situational Awareness; Support national/regional communcation; Water Management
ca02d49e-c407-4fdc-a1a0-89edf6b7bc33,Portable Power Sources,The system shall include portable power sources to support off-grid operations.,Ensures continuous operation in remote locations.,TBD,,
5efb1749-742c-407a-896c-527d487df1c9,Power Communications,The communications system shall be powered through the kit.,For consistent operation and autonomy.,TBD,,
bd9a26d5-4158-42d5-9a21-38233e181f62,Power Management Interface,The power system shall include a management interface for monitoring usage.,For efficient resource allocation.,TBD,,
9596e2b6-002f-45e2-8244-3c6febf05979,Power Through Kit,The situational awareness system shall be powered through the kit.,Ensures system autonomy.,TBD,,
53773e29-a148-481e-aada-47987c2a1357,Produce Potable Water,The water purification equipment shall produce potable water.,To meet health and hygiene needs.,TBD,,
53d9d87a-55a6-4f99-9a91-eb6e9db78c1f,Public Access Points,The system shall provide public access points for emergency communications.,Enhances community outreach.,TBD,,
124bbd4d-2926-4cc3-aad4-efe12005063f,Public Information Broadcast,The system&amp;#x27;s communications capability shall include a public information broadcast channel.,Raises public awareness in crisis scenarios.,TBD,,
aa3a5b1f-eeea-4e7f-ac45-42b5bb4da098,Public-Private Data Sharing,The system shall enable data sharing between public and private sector entities.,Enhances cooperation and resource use.,TBD,,
9d517a84-4466-423c-9761-335acdbab0e4,Rapid Deployment,The system shall be capable of rapid deployment.,To ensure timely delivery of services.,TBD,,
f8761ff2-2b56-4f56-b8d1-36f356f9a690,Redundancy for Critical Functions,&lt;p&gt;The system shall include redundancy for all critical functions.,Ensures system reliability under duress.&lt;/p&gt;,TBD,,
6fb2830b-8262-4e62-88a1-7842152a5a58,Remote Control Capability,The system shall include remote control capabilities for critical functions.,Supports operations in hazardous environments.,TBD,,
d4e8f139-0c08-410b-bbaf-94d2bf9a4b90,Remote Diagnostics,The system shall include capabilities for remote diagnostics.,Supports efficient troubleshooting and maintenance.,TBD,,
b3aa5623-5095-4f76-a306-faf82a0e9cf3,Renewable Power Source,The power sub-system shall primarily run on renewable sources.,To promote sustainability and autonomy.,TBD,,
7f60976c-7ba9-4f67-ba42-29dab5c40f61,Resilience Against Natural Disasters,The system shall be resilient against natural disaster conditions.,Ensures reliable functionality under stress.,TBD,,
a9e3d169-6a02-4131-b8ba-635570386f0c,Scalable Design,The system shall have a scalable design to fit varied operational needs.,Allows flexible response sizing.,TBD,,
b03c6c20-3dc4-416d-8a83-04b31351b16e,Scalable Supply Network,The system setup shall support a scalable supply network for kit components.,Ensures responsiveness to demand fluctuations.,TBD,,
2d525c10-bc76-4d13-b906-9e8cf8acc76e,Secure Communications,The system shall provide secure voice and data communications.,To ensure confidentiality and integrity of information.,TBD,,
ce579235-615c-4713-88ff-d673bb10ec88,Self-Diagnosis and Alerts,The system shall include self-diagnosis capabilities with alert systems.,Promotes proactive maintenance.,TBD,,
2760202e-ef64-41f4-a9f9-e4a1f63f6bb7,Situational Awareness Features,The system shall include local situational awareness capabilities.,To provide essential data to responders.,TBD,,
b0795839-55fe-455d-9e48-3134c60f829c,Standardized Connectors,The system shall use standardized connectors for all components.,To ensure interoperability and ease of maintenance.,TBD,,
1a84ca74-3828-42c0-b9d9-f6f9af4613a2,Supply Chain Resilience,The system shall have a resilient supply chain for critical components.,Ensures availability and minimizes delays.,TBD,,
db208455-2f1c-4bea-8277-7d0dfeb05740,Support Kit Components,The power system shall have sufficient capacity to support all kit components.,Enables integrated operation.,TBD,,
7edf483a-089c-4f46-9470-8635a23bac0b,Synchronized Updates,The system shall support synchronized updates for all components.,To ensure consistent operation.,TBD,,
a4e63e67-484a-46cb-ba84-1433bfa56f35,System Security,The system shall include security measures to prevent unauthorized access.,To protect system integrity.,TBD,,
6d5551b9-e1df-4e60-aa1d-0785b2874914,Time-Sensitive Information Delivery,The system shall deliver time-sensitive information quickly.,Provides timely data to responders and decision makers.,TBD,,
0133d8c8-c011-473a-b1d9-810e9a9469d7,Transmit Situation Reports,The system shall enable transmitting situation reports.,To keep authorities and aid personnel informed.,TBD,,
61e43109-2c0b-4b5d-a820-1ab76f1f4e2b,Transportable System,"The system shall be transportable by air, sea, and land modes.",To ensure flexible logistics.,Inspection / Test,Component: PEAK,Build Kits; Collect aerial imagery; Communications Management; Crisis Response Coordination; Emergency Response Service Delivery; Enable local communications; Generate renewable energy; Monitor environment; Power Supply Management; Provide Backup Power; Situational Awareness; Support national/regional communcation; Water Management
f048abf8-026b-427e-bab8-a5b807f53220,Use COTS Technology,The system shall utilize commercial-off-the-shelf technology.,Requires limited development and accessible technology.,Inspection / Test,Component: PEAK,Build Kits; Collect aerial imagery; Communications Management; Crisis Response Coordination; Emergency Response Service Delivery; Enable local communications; Generate renewable energy; Monitor environment; Power Supply Management; Provide Backup Power; Situational Awareness; Support national/regional communcation; Water Management
eb323dd1-0d54-4e13-8951-5ff2281c427b,Use Existing Power Tech,The power system shall leverage existing technology.,To minimize resource use.,TBD,,
e034047e-3d6c-4cd3-bfa4-a5e89e7613bf,Water Distribution Capability,The system shall include water distribution capability.,To facilitate potable water supply.,TBD,,
1b600244-f724-494a-9c60-309d2c47b6e7,Weather Data Integration,Situational awareness components shall integrate local weather data streams.,Provides environmental context for operations.,TBD,,
ee27c4d0-36ed-4778-98f2-d52dee9a276d,Weather Forecast Alerts,Situational awareness components shall issue alerts based on forecasted weather conditions.,Prepares users for imminent conditions.,TBD,,
c9f1f3cf-185b-4016-a2dd-b2b71050b8ed,Wide Range Power Input,The power system shall support a wide range of input voltages.,To use in diverse regions.,TBD,,
